id,name,geonamesId,place,pointLat,pointLon,kemendagriCode,stateId,stateName,stateIso,countryId,countryIso
Q5778,Aceh Barat,1215636,TOWN,4.45,96.183333333,11.05,Q1823,Aceh,ID-AC,Q252,ID
Q5775,Aceh Barat Daya,6701674,TOWN,3.791111111,95.916666666,11.12,Q1823,Aceh,ID-AC,Q252,ID
Q5662,Aceh Besar,1215635,TOWN,5.366666666,95.533333333,11.06,Q1823,Aceh,ID-AC,Q252,ID
Q5667,Aceh Jaya,6705241,TOWN,4.816666666,95.666666666,11.14,Q1823,Aceh,ID-AC,Q252,ID
Q5759,Aceh Selatan,1215634,TOWN,3.133333333,97.45,11.01,Q1823,Aceh,ID-AC,Q252,ID
Q5672,Aceh Singkil,,TOWN,2.333333333,97.666666666,11.10,Q1823,Aceh,ID-AC,Q252,ID
Q5678,Aceh Tamiang,6701575,TOWN,4.274905555,97.872161111,11.16,Q1823,Aceh,ID-AC,Q252,ID
Q5675,Aceh Tengah,1215633,TOWN,4.333333333,96.333333333,11.04,Q1823,Aceh,ID-AC,Q252,ID
Q5763,Aceh Tenggara,,TOWN,3.366666666,97.683333333,11.02,Q1823,Aceh,ID-AC,Q252,ID
Q5674,Aceh Timur,1215631,TOWN,4.616666666,97.616666666,11.03,Q1823,Aceh,ID-AC,Q252,ID
Q5750,Aceh Utara,1215630,TOWN,4.916666666,97.0,11.08,Q1823,Aceh,ID-AC,Q252,ID
Q6019,Agam,1651856,TOWN,-0.266666666,100.0,13.06,Q2772,Sumatera Barat,ID-SB,Q252,ID
Q14131,Alor,,TOWN,-8.25,124.75,53.05,Q5061,Nusa Tenggara Timur,ID-NT,Q252,ID
Q18970,Ambon,1651531,CITY,-3.705,128.17,81.71,Q5093,Maluku,ID-MA,Q252,ID
Q1795,Asahan,1215554,TOWN,3.0,99.1667,12.09,Q2140,Sumatera Utara,ID-SU,Q252,ID
Q27228,Asmat,,TOWN,,,91.18,Q5095,Papua,ID-PA,Q252,ID
Q11482,Badung,1650818,TOWN,-8.58333333,115.18333333,51.03,Q3125978,Bali,ID-BA,Q252,ID
Q14170,Balangan,,TOWN,,,63.11,Q3906,Kalimantan Selatan,ID-KS,Q252,ID
Q14492,Balikpapan,1650527,CITY,-1.148888888,116.903055555,64.71,Q3899,Kalimantan Timur,ID-KI,Q252,ID
Q5779,Banda Aceh,1215502,CITY,5.55,95.316666666,11.71,Q1823,Aceh,ID-AC,Q252,ID
Q8156,Bandar Lampung,1624917,CITY,-5.429444444,105.2625,18.71,Q2110,Lampung,ID-LA,Q252,ID
Q10332,Bandung,1650352,TOWN,-7.016666666,107.516666666,32.04,Q3724,Jawa Barat,ID-JB,Q252,ID
Q10389,Bandung,1650357,CITY,-6.95,107.566666666,32.73,Q3724,Jawa Barat,ID-JB,Q252,ID
Q10388,Bandung Barat,7910336,TOWN,-6.833333333,107.483333333,32.17,Q3724,Jawa Barat,ID-JB,Q252,ID
Q15810,Banggai,,TOWN,-1.59305556,123.50416667,72.01,Q5065,Sulawesi Tengah,ID-ST,Q252,ID
Q15812,Banggai Kepulauan,9165691,TOWN,-1.593083333,123.504194444,72.07,Q5065,Sulawesi Tengah,ID-ST,Q252,ID
Q12488339,Banggai Laut,,TOWN,-1.5888,123.5008,72.11,Q5065,Sulawesi Tengah,ID-ST,Q252,ID
Q8163,Bangka,,TOWN,-1.9,105.883333333,19.01,Q1866,Kepulauan Bangka Belitung,ID-BB,Q252,ID
Q8176,Bangka Barat,,TOWN,-1.85,105.45,19.05,Q1866,Kepulauan Bangka Belitung,ID-BB,Q252,ID
Q8173,Bangka Selatan,,TOWN,-2.766666666,106.333333333,19.03,Q1866,Kepulauan Bangka Belitung,ID-BB,Q252,ID
Q8166,Bangka Tengah,,TOWN,-2.416666666,106.233333333,19.04,Q1866,Kepulauan Bangka Belitung,ID-BB,Q252,ID
Q11066,Bangkalan,,TOWN,-7.05,112.933,35.26,Q3586,Jawa Timur,ID-JI,Q252,ID
Q11491,Bangli,7054929,TOWN,-8.336111,115.1575,51.06,Q3125978,Bali,ID-BA,Q252,ID
Q10391,Banjar,1650233,CITY,-7.366666666,108.533333333,32.79,Q3724,Jawa Barat,ID-JB,Q252,ID
Q14171,Banjar,,TOWN,,,63.03,Q3906,Kalimantan Selatan,ID-KS,Q252,ID
Q14181,Banjarbaru,1650216,CITY,-3.466666666,114.75,63.72,Q3906,Kalimantan Selatan,ID-KS,Q252,ID
Q14182,Banjarmasin,1650211,CITY,-3.333333333,114.583333333,63.71,Q3906,Kalimantan Selatan,ID-KS,Q252,ID
Q10604,Banjarnegara,6380795,TOWN,-7.39611,109.757,33.04,Q3557,Jawa Tengah,ID-JT,Q252,ID
Q14590,Bantaeng,,TOWN,-5.53333,119.933,73.03,Q5078,Sulawesi Selatan,ID-SN,Q252,ID
Q11477,Bantul,,TOWN,-7.884611,110.334111,34.02,Q3741,Yogyakarta,ID-YO,Q252,ID
Q8107,Banyuasin,,TOWN,-2.88333333,104.38305556,16.07,Q2271,Sumatera Selatan,ID-SS,Q252,ID
Q10605,Banyumas,1650094,TOWN,-7.611666666,109.353611111,33.02,Q3557,Jawa Tengah,ID-JT,Q252,ID
Q11067,Banyuwangi,1650077,TOWN,-8.218611111,114.366944444,35.10,Q3586,Jawa Timur,ID-JI,Q252,ID
Q14172,Barito Kuala,,TOWN,,,63.04,Q3906,Kalimantan Selatan,ID-KS,Q252,ID
Q14391,Barito Selatan,1649991,TOWN,,,62.04,Q3891,Kalimantan Tengah,ID-KT,Q252,ID
Q14190,Barito Timur,,TOWN,,,62.13,Q3891,Kalimantan Tengah,ID-KT,Q252,ID
Q14209,Barito Utara,1649989,TOWN,,,62.05,Q3891,Kalimantan Tengah,ID-KT,Q252,ID
Q14593,Barru,,TOWN,-3.24333,119.681,73.11,Q5078,Sulawesi Selatan,ID-SN,Q252,ID
Q10103,Batam,6295587,CITY,1.067777777,104.016666666,21.71,Q2223,Kepulauan Riau,ID-KR,Q252,ID
Q10607,Batang,1649879,TOWN,-6.862777777,110.051666666,33.25,Q3557,Jawa Tengah,ID-JT,Q252,ID
Q7370,Batanghari,,TOWN,-2.01667,103.333,15.04,Q2051,Jambi,ID-JA,Q252,ID
Q11434,Batu,1649824,CITY,-7.8672,112.5239,35.79,Q3586,Jawa Timur,ID-JI,Q252,ID
Q5797,Batu Bara,,TOWN,3.0,99.1667,12.19,Q2140,Sumatera Utara,ID-SU,Q252,ID
Q15378,Bau Bau,1649541,CITY,-5.466669444,122.633,74.72,Q5075,Sulawesi Tenggara,ID-SG,Q252,ID
Q10340,Bekasi,,TOWN,-6.316666666,106.166666666,32.16,Q3724,Jawa Barat,ID-JB,Q252,ID
Q10392,Bekasi,1649378,CITY,-6.233333333,107.0,32.75,Q3724,Jawa Barat,ID-JB,Q252,ID
Q8164,Belitung,,TOWN,-2.866666666,107.7,19.02,Q1866,Kepulauan Bangka Belitung,ID-BB,Q252,ID
Q8169,Belitung Timur,,TOWN,-2.9,108.05,19.06,Q1866,Kepulauan Bangka Belitung,ID-BB,Q252,ID
Q14133,Belu,1649264,TOWN,-9.1,124.9,53.04,Q5061,Nusa Tenggara Timur,ID-NT,Q252,ID
Q5719,Bener Meriah,6712486,TOWN,4.75,97.0,11.17,Q1823,Aceh,ID-AC,Q252,ID
Q7594,Bengkalis,1649169,TOWN,1.489722222,102.079722222,14.03,Q2175,Riau,ID-RI,Q252,ID
Q14156,Bengkayang,,TOWN,,,61.07,Q3916,Kalimantan Barat,ID-KB,Q252,ID
Q8042,Bengkulu,1649150,CITY,-3.795555555,102.259166666,17.71,Q1890,Bengkulu,ID-BE,Q252,ID
Q8040,Bengkulu Selatan,,TOWN,,,17.01,Q1890,Bengkulu,ID-BE,Q252,ID
Q7796,Bengkulu Tengah,,TOWN,,,17.09,Q1890,Bengkulu,ID-BE,Q252,ID
Q8034,Bengkulu Utara,,TOWN,,,17.03,Q1890,Bengkulu,ID-BE,Q252,ID
Q14395,Berau,,TOWN,,,64.03,Q3899,Kalimantan Timur,ID-KI,Q252,ID
Q27246,Biak Numfor,,TOWN,-6.91474444,107.60981111,91.06,Q5095,Papua,ID-PA,Q252,ID
Q14114,Bima,1648758,TOWN,-8.57444444,119.0375,52.06,Q5062,Nusa Tenggara Barat,ID-NB,Q252,ID
Q14128,Bima,1648759,CITY,-8.46667,118.717,52.72,Q5062,Nusa Tenggara Barat,ID-NB,Q252,ID
Q5954,Binjai,1215355,CITY,3.6,98.485277777,12.75,Q2140,Sumatera Utara,ID-SU,Q252,ID
Q10097,Bintan,,TOWN,,,21.01,Q2223,Kepulauan Riau,ID-KR,Q252,ID
Q5722,Bireuen,,TOWN,4.666669444,97.6667,11.11,Q1823,Aceh,ID-AC,Q252,ID
Q15845,Bitung,1648636,CITY,1.447222222,125.197777777,71.72,Q5068,Sulawesi Utara,ID-SA,Q252,ID
Q11069,Blitar,,TOWN,-7.15,111.86666667,35.05,Q3586,Jawa Timur,ID-JI,Q252,ID
Q11441,Blitar,1648580,CITY,-8.1,112.15,35.72,Q3586,Jawa Timur,ID-JI,Q252,ID
Q10608,Blora,,TOWN,-6.95,111.417,33.16,Q3557,Jawa Tengah,ID-JT,Q252,ID
Q14508,Boalemo,1623890,TOWN,0.65,122.31666667,75.02,Q5067,Gorontalo,ID-GO,Q252,ID
Q10363,Bogor,,TOWN,-6.316666666,106.166666666,32.01,Q3724,Jawa Barat,ID-JB,Q252,ID
Q10393,Bogor,1648473,CITY,-6.6,106.8,32.71,Q3724,Jawa Barat,ID-JB,Q252,ID
Q11071,Bojonegoro,1648451,TOWN,-7.15,111.866666666,35.22,Q3586,Jawa Timur,ID-JI,Q252,ID
Q15833,Bolaang Mongondow,,TOWN,0.95833333,124.26,71.01,Q5068,Sulawesi Utara,ID-SA,Q252,ID
Q15841,Bolaang Mongondow Selatan,,TOWN,0.35277778,123.79916667,71.11,Q5068,Sulawesi Utara,ID-SA,Q252,ID
Q15834,Bolaang Mongondow Timur,,TOWN,0.77,124.61388889,71.10,Q5068,Sulawesi Utara,ID-SA,Q252,ID
Q15837,Bolaang Mongondow Utara,,TOWN,0.8937611,123.3356719,71.08,Q5068,Sulawesi Utara,ID-SA,Q252,ID
Q15356,Bombana,,TOWN,-4.80472,121.809,74.06,Q5075,Sulawesi Tenggara,ID-SG,Q252,ID
Q11076,Bondowoso,,TOWN,,,35.11,Q3586,Jawa Timur,ID-JI,Q252,ID
Q14595,Bone,,TOWN,-4.53861111,120.32972222,73.08,Q5078,Sulawesi Selatan,ID-SN,Q252,ID
Q14519,Bone Bolango,,TOWN,0.55,123.2,75.03,Q5067,Gorontalo,ID-GO,Q252,ID
Q14495,Bontang,1648186,CITY,0.133333333,117.5,64.74,Q3899,Kalimantan Timur,ID-KI,Q252,ID
Q27262,Boven Digoel,,TOWN,-6.0,140.0,91.16,Q5095,Papua,ID-PA,Q252,ID
Q10609,Boyolali,1648083,TOWN,-7.532222222,110.6025,33.09,Q3557,Jawa Tengah,ID-JT,Q252,ID
Q10610,Brebes,,TOWN,-7.06666667,108.88333333,33.29,Q3557,Jawa Tengah,ID-JT,Q252,ID
Q7248,Bukittinggi,1647866,CITY,-0.309722222,100.375277777,13.75,Q2772,Sumatera Barat,ID-SB,Q252,ID
Q11495,Buleleng,1647803,TOWN,-8.2,114.95,51.08,Q3125978,Bali,ID-BA,Q252,ID
Q14596,Bulukumba,,TOWN,-5.55,120.183,73.02,Q5078,Sulawesi Selatan,ID-SN,Q252,ID
Q14404,Bulungan,,TOWN,,,65.01,Q3903,Kalimantan Utara,ID-KU,Q252,ID
Q7373,Bungo,7910349,TOWN,-1.50222222,101.96,15.08,Q2051,Jambi,ID-JA,Q252,ID
Q15813,Buol,1647571,TOWN,0.75,120.75,72.05,Q5065,Sulawesi Tengah,ID-ST,Q252,ID
Q16564,Buru,,TOWN,,,81.04,Q5093,Maluku,ID-MA,Q252,ID
Q16583,Buru Selatan,,TOWN,-3.85,126.7,81.09,Q5093,Maluku,ID-MA,Q252,ID
Q15357,Buton,,TOWN,-5.15861,121.931,74.04,Q5075,Sulawesi Tenggara,ID-SG,Q252,ID
Q19745612,Buton Selatan,,TOWN,,,74.15,Q5075,Sulawesi Tenggara,ID-SG,Q252,ID
Q19745487,Buton Tengah,,TOWN,,,74.14,Q5075,Sulawesi Tenggara,ID-SG,Q252,ID
Q15366,Buton Utara,,TOWN,-4.78,122.981,74.10,Q5075,Sulawesi Tenggara,ID-SG,Q252,ID
Q10365,Ciamis,,TOWN,-6.75,108.383333333,32.07,Q3724,Jawa Barat,ID-JB,Q252,ID
Q10367,Cianjur,1647142,TOWN,-6.818611111,107.133055555,32.03,Q3724,Jawa Barat,ID-JB,Q252,ID
Q10612,Cilacap,1646559,TOWN,-7.733333333,109.0,33.01,Q3557,Jawa Tengah,ID-JT,Q252,ID
Q10124,Cilegon,1646511,CITY,-6.12,106.150277777,36.72,Q3540,Banten,ID-BT,Q252,ID
Q10394,Cimahi,1646446,CITY,-6.883333333,107.533333333,32.77,Q3724,Jawa Barat,ID-JB,Q252,ID
Q10368,Cirebon,,TOWN,-6.75,108.383333333,32.09,Q3724,Jawa Barat,ID-JB,Q252,ID
Q10395,Cirebon,1646170,CITY,-6.716666666,108.566666666,32.74,Q3724,Jawa Barat,ID-JB,Q252,ID
Q5801,Dairi,,TOWN,3.0,99.1667,12.11,Q2140,Sumatera Utara,ID-SU,Q252,ID
Q27386,Deiyai,,TOWN,,,91.28,Q5095,Papua,ID-PA,Q252,ID
Q5804,Deli Serdang,,TOWN,3.55,98.85,12.07,Q2140,Sumatera Utara,ID-SU,Q252,ID
Q10613,Demak,6738881,TOWN,-6.88333333,110.66666667,33.21,Q3557,Jawa Tengah,ID-JT,Q252,ID
Q11506,Denpasar,1645528,CITY,-8.65,115.216666666,51.71,Q3125978,Bali,ID-BA,Q252,ID
Q10396,Depok,6751097,CITY,-6.39,106.83,32.76,Q3724,Jawa Barat,ID-JB,Q252,ID
Q6024,Dharmasraya,,TOWN,-1.05,101.367,13.10,Q2772,Sumatera Barat,ID-SB,Q252,ID
Q27413,Dogiyai,,TOWN,,,91.26,Q5095,Papua,ID-PA,Q252,ID
Q14117,Dompu,7057508,TOWN,-8.53333333,118.46666667,52.05,Q5062,Nusa Tenggara Barat,ID-NB,Q252,ID
Q15814,Donggala,,TOWN,-0.694444444,119.730555555,72.03,Q5065,Sulawesi Tengah,ID-ST,Q252,ID
Q7782,Dumai,1645133,CITY,1.666666666,101.45,14.72,Q2175,Riau,ID-RI,Q252,ID
Q8112,Empat Lawang,,TOWN,,,16.11,Q2271,Sumatera Selatan,ID-SS,Q252,ID
Q14140,Ende,,TOWN,-8.840555555,121.663888888,53.08,Q5061,Nusa Tenggara Timur,ID-NT,Q252,ID
Q14599,Enrekang,,TOWN,-3.56444,119.775,73.16,Q5078,Sulawesi Selatan,ID-SN,Q252,ID
Q26727,Fakfak,6619356,TOWN,-2.9167,132.3,92.03,Q5096,Papua Barat,ID-PB,Q252,ID
Q14136,Flores Timur,1644743,TOWN,,,53.06,Q5061,Nusa Tenggara Timur,ID-NT,Q252,ID
Q10371,Garut,6739432,TOWN,-7.216666666,107.9,32.05,Q3724,Jawa Barat,ID-JB,Q252,ID
Q5666,Gayo Lues,,TOWN,4.0,97.0,11.13,Q1823,Aceh,ID-AC,Q252,ID
Q11496,Gianyar,7053392,TOWN,-8.5441,115.325461111,51.04,Q3125978,Bali,ID-BA,Q252,ID
Q14525,Gorontalo,1643837,CITY,0.541111111,123.059444444,75.71,Q5067,Gorontalo,ID-GO,Q252,ID
Q14521,Gorontalo,,TOWN,0.63333333,122.96666667,75.01,Q5067,Gorontalo,ID-GO,Q252,ID
Q14522,Gorontalo Utara,,TOWN,0.77,122.31666667,75.05,Q5067,Gorontalo,ID-GO,Q252,ID
Q14601,Gowa,1643807,TOWN,-5.33333333,119.66666667,73.06,Q5078,Sulawesi Selatan,ID-SN,Q252,ID
Q11077,Gresik,1643776,TOWN,-7.15388889,112.65611111,35.25,Q3586,Jawa Timur,ID-JI,Q252,ID
Q10614,Grobogan,1643770,TOWN,-7.03,110.921111111,33.15,Q3557,Jawa Tengah,ID-JT,Q252,ID
Q11478,Gunung Kidul,1643604,TOWN,-7.91666667,112.11694444,34.03,Q3741,Yogyakarta,ID-YO,Q252,ID
Q14192,Gunung Mas,1643597,TOWN,,,62.10,Q3891,Kalimantan Tengah,ID-KT,Q252,ID
Q5967,Gunungsitoli,1215102,CITY,1.116666666,97.616666666,12.78,Q2140,Sumatera Utara,ID-SU,Q252,ID
Q19150,Halmahera Barat,,TOWN,,,82.01,Q5094,Maluku Utara,ID-MU,Q252,ID
Q19148,Halmahera Selatan,,TOWN,,,82.04,Q5094,Maluku Utara,ID-MU,Q252,ID
Q19144,Halmahera Tengah,1643475,TOWN,,,82.02,Q5094,Maluku Utara,ID-MU,Q252,ID
Q19145,Halmahera Timur,,TOWN,,,82.06,Q5094,Maluku Utara,ID-MU,Q252,ID
Q19147,Halmahera Utara,9165798,TOWN,1.73194444,128.00777778,82.03,Q5094,Maluku Utara,ID-MU,Q252,ID
Q14176,Hulu Sungai Selatan,,TOWN,-2.783333333,115.266666666,63.06,Q3906,Kalimantan Selatan,ID-KS,Q252,ID
Q14173,Hulu Sungai Tengah,,TOWN,-2.583333333,115.383333333,63.07,Q3906,Kalimantan Selatan,ID-KS,Q252,ID
Q14175,Hulu Sungai Utara,,TOWN,,,63.08,Q3906,Kalimantan Selatan,ID-KS,Q252,ID
Q5808,Humbang Hasundutan,,TOWN,,,12.16,Q2140,Sumatera Utara,ID-SU,Q252,ID
Q7599,Indragiri Hilir,,TOWN,-0.333333333,103.166944444,14.04,Q2175,Riau,ID-RI,Q252,ID
Q7605,Indragiri Hulu,,TOWN,-0.35,102.533055555,14.02,Q2175,Riau,ID-RI,Q252,ID
Q10374,Indramayu,,TOWN,-6.25,107.85,32.12,Q3724,Jawa Barat,ID-JB,Q252,ID
Q27458,Intan Jaya,,TOWN,,,91.27,Q5095,Papua,ID-PA,Q252,ID
Q10116,Jakarta Barat,1642909,CITY,-6.16833,106.759,31.73,Q3630,Daerah Khusus Ibukota Jakarta,ID-JK,Q252,ID
Q10109,Jakarta Pusat,1642908,CITY,-6.18638889,106.8294444,31.71,Q3630,Daerah Khusus Ibukota Jakarta,ID-JK,Q252,ID
Q10114,Jakarta Selatan,1642905,CITY,-6.26861111,106.80611111,31.74,Q3630,Daerah Khusus Ibukota Jakarta,ID-JK,Q252,ID
Q10111,Jakarta Timur,1642904,CITY,-6.24527778,106.90055556,31.75,Q3630,Daerah Khusus Ibukota Jakarta,ID-JK,Q252,ID
Q10113,Jakarta Utara,1642903,CITY,-6.18638889,106.8294444,31.72,Q3630,Daerah Khusus Ibukota Jakarta,ID-JK,Q252,ID
Q7578,Jambi,1642857,CITY,-1.59,103.61,15.71,Q2051,Jambi,ID-JA,Q252,ID
Q27860,Jayapura,2082600,CITY,-2.533333333,140.716666666,91.71,Q5095,Papua,ID-PA,Q252,ID
Q27477,Jayapura,,TOWN,,,91.03,Q5095,Papua,ID-PA,Q252,ID
Q27529,Jayawijaya,1631789,TOWN,,,91.02,Q5095,Papua,ID-PA,Q252,ID
Q11080,Jember,1642588,TOWN,-8.168888888,113.702222222,35.09,Q3586,Jawa Timur,ID-JI,Q252,ID
Q11499,Jembrana,,TOWN,-8.3,114.66666667,51.01,Q3125978,Bali,ID-BA,Q252,ID
Q14602,Jeneponto,,TOWN,-5.66667,119.633,73.04,Q5078,Sulawesi Selatan,ID-SN,Q252,ID
Q10615,Jepara,1642545,TOWN,-6.533333333,110.666666666,33.20,Q3557,Jawa Tengah,ID-JT,Q252,ID
Q11082,Jombang,1642413,TOWN,-7.466666666,112.233333333,35.17,Q3586,Jawa Timur,ID-JI,Q252,ID
Q17053892,Kabupaten Pulau Morotai,9844899,TOWN,2.3,128.417,82.07,Q5094,Maluku Utara,ID-MU,Q252,ID
Q26739,Kaimana,,TOWN,,,92.08,Q5096,Papua Barat,ID-PB,Q252,ID
Q7613,Kampar,,TOWN,1.011111111,101.241666666,14.01,Q2175,Riau,ID-RI,Q252,ID
Q14193,Kapuas,,TOWN,-3.0,114.38,62.03,Q3891,Kalimantan Tengah,ID-KT,Q252,ID
Q14157,Kapuas Hulu,,TOWN,,,61.06,Q3916,Kalimantan Barat,ID-KB,Q252,ID
Q10616,Karanganyar,,TOWN,-7.596111111,110.950833333,33.13,Q3557,Jawa Tengah,ID-JT,Q252,ID
Q11501,Karangasem,,TOWN,-8.36666667,115.51666667,51.07,Q3125978,Bali,ID-BA,Q252,ID
Q10375,Karawang,,TOWN,-6.3125,107.295,32.15,Q3724,Jawa Barat,ID-JB,Q252,ID
Q10098,Karimun,,TOWN,1.05,103.366666666,21.02,Q2223,Kepulauan Riau,ID-KR,Q252,ID
Q5810,Karo,,TOWN,3.1,98.5,12.06,Q2140,Sumatera Utara,ID-SU,Q252,ID
Q4201892,Katingan,,TOWN,,,62.06,Q3891,Kalimantan Tengah,ID-KT,Q252,ID
Q3182322,Kaur,,TOWN,-4.589298,103.4167585,17.04,Q1890,Bengkulu,ID-BE,Q252,ID
Q14158,Kayong Utara,,TOWN,,,61.11,Q3916,Kalimantan Barat,ID-KB,Q252,ID
Q10617,Kebumen,,TOWN,-7.629444444,109.570555555,33.05,Q3557,Jawa Tengah,ID-JT,Q252,ID
Q11084,Kediri,1640657,TOWN,,,35.06,Q3586,Jawa Timur,ID-JI,Q252,ID
Q11443,Kediri,1640660,CITY,-7.816611111,112.011916666,35.71,Q3586,Jawa Timur,ID-JI,Q252,ID
Q27573,Keerom,8531252,TOWN,,,91.11,Q5095,Papua,ID-PA,Q252,ID
Q10618,Kendal,,TOWN,,,33.24,Q3557,Jawa Tengah,ID-JT,Q252,ID
Q15379,Kendari,1640344,CITY,-3.9675,122.594722222,74.71,Q5075,Sulawesi Tenggara,ID-SG,Q252,ID
Q7940,Kepahiang,1641464,TOWN,-3.664572222,102.550891666,17.08,Q1890,Bengkulu,ID-BE,Q252,ID
Q10096,Kepulauan Anambas,,TOWN,3.1,105.666666666,21.05,Q2223,Kepulauan Riau,ID-KR,Q252,ID
Q16561,Kepulauan Aru,1651192,TOWN,-6.166667,134.5,81.07,Q5093,Maluku,ID-MA,Q252,ID
Q6038,Kepulauan Mentawai,,TOWN,-2.183333333,99.65,13.09,Q2772,Sumatera Barat,ID-SB,Q252,ID
Q7630,Kepulauan Meranti,,TOWN,1.0,102.7,14.10,Q2175,Riau,ID-RI,Q252,ID
Q14619,Kepulauan Selayar,,TOWN,-6.54,121.25,73.01,Q5078,Sulawesi Selatan,ID-SN,Q252,ID
Q10107,Kepulauan Seribu,1627482,TOWN,-5.6629,106.5683,31.01,Q3630,Daerah Khusus Ibukota Jakarta,ID-JK,Q252,ID
Q15840,Kepulauan Siau Tagulandang Biaro,,TOWN,2.76555556,125.40361111,71.09,Q5068,Sulawesi Utara,ID-SA,Q252,ID
Q19149,Kepulauan Sula,1626240,TOWN,-1.84916667,125.31444444,82.05,Q5094,Maluku Utara,ID-MU,Q252,ID
Q27848,Kepulauan Yapen,,TOWN,,,91.05,Q5095,Papua,ID-PA,Q252,ID
Q7376,Kerinci,1640224,TOWN,-2.083888888,101.48,15.01,Q2051,Jambi,ID-JA,Q252,ID
Q14159,Ketapang,,TOWN,,,61.04,Q3916,Kalimantan Barat,ID-KB,Q252,ID
Q10619,Klaten,2007277,TOWN,-7.648888888,110.635833333,33.10,Q3557,Jawa Tengah,ID-JT,Q252,ID
Q11503,Klungkung,1639850,TOWN,-8.538922222,115.404511111,51.05,Q3125978,Bali,ID-BA,Q252,ID
Q15358,Kolaka,,TOWN,-4.04917,121.616,74.01,Q5075,Sulawesi Tenggara,ID-SG,Q252,ID
Q15960838,Kolaka Timur,,TOWN,-3.97944,121.9,74.11,Q5075,Sulawesi Tenggara,ID-SG,Q252,ID
Q15369,Kolaka Utara,,TOWN,-3.33722,121.044,74.08,Q5075,Sulawesi Tenggara,ID-SG,Q252,ID
Q15359,Konawe,,TOWN,-3.85333,122.054,74.02,Q5075,Sulawesi Tenggara,ID-SG,Q252,ID
Q15730145,Konawe Kepulauan,,TOWN,-4.14778,123.065,74.12,Q5075,Sulawesi Tenggara,ID-SG,Q252,ID
Q15372,Konawe Selatan,,TOWN,-3.4114145,122.0199645,74.05,Q5075,Sulawesi Tenggara,ID-SG,Q252,ID
Q15370,Konawe Utara,,TOWN,-3.4114145,122.0199645,74.09,Q5075,Sulawesi Tenggara,ID-SG,Q252,ID
Q14174,Kotabaru,,TOWN,,,63.02,Q3906,Kalimantan Selatan,ID-KS,Q252,ID
Q15846,Kotamobagu,1639500,CITY,0.73333333,124.31666667,71.74,Q5068,Sulawesi Utara,ID-SA,Q252,ID
Q14393,Kotawaringin Barat,,TOWN,,,62.01,Q3891,Kalimantan Tengah,ID-KT,Q252,ID
Q14191,Kotawaringin Timur,,TOWN,,,62.02,Q3891,Kalimantan Tengah,ID-KT,Q252,ID
Q7626,Kuantan Singingi,,TOWN,0.0,101.916666666,14.09,Q2175,Riau,ID-RI,Q252,ID
Q14160,Kubu Raya,,TOWN,,,61.12,Q3916,Kalimantan Barat,ID-KB,Q252,ID
Q10620,Kudus,1639215,TOWN,-6.8,110.833333333,33.19,Q3557,Jawa Tengah,ID-JT,Q252,ID
Q11479,Kulon Progo,,TOWN,-7.645,110.026944444,34.01,Q3741,Yogyakarta,ID-YO,Q252,ID
Q10376,Kuningan,,TOWN,-6.97889,108.48,32.08,Q3724,Jawa Barat,ID-JB,Q252,ID
Q14155,Kupang,2057087,CITY,-10.183333333,123.583333333,53.71,Q5061,Nusa Tenggara Timur,ID-NT,Q252,ID
Q14141,Kupang,2057086,TOWN,-10.163611,123.590278,53.01,Q5061,Nusa Tenggara Timur,ID-NT,Q252,ID
Q14489,Kutai Barat,,TOWN,,,64.07,Q3899,Kalimantan Timur,ID-KI,Q252,ID
Q14473,Kutai Kartanegara,,TOWN,-1.311111111,116.526666666,64.02,Q3899,Kalimantan Timur,ID-KI,Q252,ID
Q14468,Kutai Timur,,TOWN,-1.31111,116.527,64.08,Q3899,Kalimantan Timur,ID-KI,Q252,ID
Q5814,Labuhanbatu,,TOWN,,,12.10,Q2140,Sumatera Utara,ID-SU,Q252,ID
Q5905,Labuhanbatu Selatan,,TOWN,,,12.22,Q2140,Sumatera Utara,ID-SU,Q252,ID
Q5842,Labuhanbatu Utara,,TOWN,,,12.23,Q2140,Sumatera Utara,ID-SU,Q252,ID
Q8117,Lahat,1638775,TOWN,-3.786389,103.542778,16.04,Q2271,Sumatera Selatan,ID-SS,Q252,ID
Q14194,Lamandau,9165993,TOWN,,,62.09,Q3891,Kalimantan Tengah,ID-KT,Q252,ID
Q11086,Lamongan,1638562,TOWN,-7.116666666,112.416666666,35.24,Q3586,Jawa Timur,ID-JI,Q252,ID
Q8153,Lampung Barat,,TOWN,,,18.04,Q2110,Lampung,ID-LA,Q252,ID
Q8147,Lampung Selatan,,TOWN,,,18.01,Q2110,Lampung,ID-LA,Q252,ID
Q8135,Lampung Tengah,,TOWN,,,18.02,Q2110,Lampung,ID-LA,Q252,ID
Q8136,Lampung Timur,,TOWN,,,18.07,Q2110,Lampung,ID-LA,Q252,ID
Q8140,Lampung Utara,,TOWN,,,18.03,Q2110,Lampung,ID-LA,Q252,ID
Q14161,Landak,,TOWN,,,61.08,Q3916,Kalimantan Barat,ID-KB,Q252,ID
Q5833,Langkat,,TOWN,3.766666666,98.216666666,12.05,Q2140,Sumatera Utara,ID-SU,Q252,ID
Q5781,Langsa,1214724,CITY,4.466666666,97.95,11.74,Q1823,Aceh,ID-AC,Q252,ID
Q27594,Lanny Jaya,,TOWN,,,91.23,Q5095,Papua,ID-PA,Q252,ID
Q10119,Lebak,6762593,TOWN,-6.12,106.150277777,36.02,Q3540,Banten,ID-BT,Q252,ID
Q8031,Lebong,,TOWN,,,17.07,Q1890,Bengkulu,ID-BE,Q252,ID
Q14142,Lembata,,TOWN,-8.433,123.467,53.13,Q5061,Nusa Tenggara Timur,ID-NT,Q252,ID
Q5784,Lhokseumawe,1214658,CITY,5.18,97.150555555,11.73,Q1823,Aceh,ID-AC,Q252,ID
Q6032,Lima Puluh Kota,,TOWN,-0.233333333,100.633,13.07,Q2772,Sumatera Barat,ID-SB,Q252,ID
Q10099,Lingga,,TOWN,-0.266666666,104.483333333,21.04,Q2223,Kepulauan Riau,ID-KR,Q252,ID
Q14123,Lombok Barat,1637367,TOWN,-8.71666667,116.1166667,52.01,Q5062,Nusa Tenggara Barat,ID-NB,Q252,ID
Q14119,Lombok Tengah,1637366,TOWN,-8.7,116.26666667,52.02,Q5062,Nusa Tenggara Barat,ID-NB,Q252,ID
Q14115,Lombok Timur,1637365,TOWN,-8.65,116.53333333,52.03,Q5062,Nusa Tenggara Barat,ID-NB,Q252,ID
Q14121,Lombok Utara,8659092,TOWN,-8.35,116.15,52.08,Q5062,Nusa Tenggara Barat,ID-NB,Q252,ID
Q8129,Lubuk Linggau,1637158,CITY,-3.296666666,102.861666666,16.73,Q2271,Sumatera Selatan,ID-SS,Q252,ID
Q11087,Lumajang,1637089,TOWN,-8.13333333,113.21666667,35.08,Q3586,Jawa Timur,ID-JI,Q252,ID
Q14604,Luwu,,TOWN,-3.166666666,120.2,73.17,Q5078,Sulawesi Selatan,ID-SN,Q252,ID
Q14597,Luwu Timur,,TOWN,-2.6,121.133,73.24,Q5078,Sulawesi Selatan,ID-SN,Q252,ID
Q14606,Luwu Utara,,TOWN,-2.6,120.25,73.22,Q5078,Sulawesi Selatan,ID-SN,Q252,ID
Q11091,Madiun,,TOWN,,,35.19,Q3586,Jawa Timur,ID-JI,Q252,ID
Q11444,Madiun,1636930,CITY,-7.63,111.523055555,35.77,Q3586,Jawa Timur,ID-JI,Q252,ID
Q11017,Magelang,1636884,CITY,-7.470555555,110.217777777,33.71,Q3557,Jawa Tengah,ID-JT,Q252,ID
Q10621,Magelang,,TOWN,,,33.08,Q3557,Jawa Tengah,ID-JT,Q252,ID
Q11092,Magetan,1636878,TOWN,-7.65,111.366666666,35.20,Q3586,Jawa Timur,ID-JI,Q252,ID
Q12488347,Mahakam Ulu,,TOWN,0.5,115.28,64.11,Q3899,Kalimantan Timur,ID-KI,Q252,ID
Q10377,Majalengka,,TOWN,-6.833333333,108.166666666,32.10,Q3724,Jawa Barat,ID-JB,Q252,ID
Q15344,Majene,1636805,TOWN,-1.3180615,119.37507,76.05,Q5082,Sulawesi Barat,ID-SR,Q252,ID
Q14634,Makassar,6733264,CITY,-5.133333333,119.431111111,73.71,Q5078,Sulawesi Selatan,ID-SN,Q252,ID
Q4069046,Malaka,,TOWN,-9.56722222,124.9075,53.21,Q5061,Nusa Tenggara Timur,ID-NT,Q252,ID
Q11095,Malang,,TOWN,,,35.07,Q3586,Jawa Timur,ID-JI,Q252,ID
Q11445,Malang,1636722,CITY,-7.98,112.62,35.73,Q3586,Jawa Timur,ID-JI,Q252,ID
Q14476,Malinau,,TOWN,3.48333333,115.7,65.02,Q3903,Kalimantan Utara,ID-KU,Q252,ID
Q18935,Maluku Barat Daya,,TOWN,-8.21666667,128.18333333,81.08,Q5093,Maluku,ID-MA,Q252,ID
Q4201768,Maluku Tengah,9165982,TOWN,-3.29164009,128.96756172,81.01,Q5093,Maluku,ID-MA,Q252,ID
Q18849,Maluku Tenggara,,TOWN,-5.65485,132.73939,81.02,Q5093,Maluku,ID-MA,Q252,ID
Q18961,Maluku Tenggara Barat,9828704,TOWN,-7.9742,131.3049,81.03,Q5093,Maluku,ID-MA,Q252,ID
Q15347,Mamasa,,TOWN,-3.11306,119.383,76.03,Q5082,Sulawesi Barat,ID-SR,Q252,ID
Q27668,Mamberamo Raya,9828781,TOWN,,,91.20,Q5095,Papua,ID-PA,Q252,ID
Q27316,Mamberamo Tengah,,TOWN,,,91.21,Q5095,Papua,ID-PA,Q252,ID
Q15349,Mamuju,1636555,TOWN,-2.68333333,118.9,76.02,Q5082,Sulawesi Barat,ID-SR,Q252,ID
Q12488349,Mamuju Tengah,,TOWN,-1.3180615,119.37507,76.06,Q5082,Sulawesi Barat,ID-SR,Q252,ID
Q15350,Mamuju Utara,,TOWN,-1.3180615,119.37507,76.01,Q5082,Sulawesi Barat,ID-SR,Q252,ID
Q15847,Manado,1636544,CITY,1.493055555,124.841261111,71.71,Q5068,Sulawesi Utara,ID-SA,Q252,ID
Q5837,Mandailing Natal,,TOWN,,,12.13,Q2140,Sumatera Utara,ID-SU,Q252,ID
Q14143,Manggarai,,TOWN,-8.612651,120.462584,53.10,Q5061,Nusa Tenggara Timur,ID-NT,Q252,ID
Q14153,Manggarai Barat,,TOWN,,,53.15,Q5061,Nusa Tenggara Timur,ID-NT,Q252,ID
Q14137,Manggarai Timur,,TOWN,,,53.19,Q5061,Nusa Tenggara Timur,ID-NT,Q252,ID
Q26748,Manokwari,,TOWN,,,92.02,Q5096,Papua Barat,ID-PB,Q252,ID
Q12488351,Manokwari Selatan,,TOWN,,,92.11,Q5096,Papua Barat,ID-PB,Q252,ID
Q27679,Mappi,,TOWN,,,91.17,Q5095,Papua,ID-PA,Q252,ID
Q14611,Maros,,TOWN,-5.00416667,119.575,73.09,Q5078,Sulawesi Selatan,ID-SN,Q252,ID
Q14126,Mataram,1635881,CITY,-8.583333333,116.116666666,52.71,Q5062,Nusa Tenggara Barat,ID-NB,Q252,ID
Q26759,Maybrat,,TOWN,,,92.10,Q5096,Papua Barat,ID-PB,Q252,ID
Q5972,Medan,1214520,CITY,3.666666666,98.666666666,12.71,Q2140,Sumatera Utara,ID-SU,Q252,ID
Q14162,Melawi,9828958,TOWN,,,61.10,Q3916,Kalimantan Barat,ID-KB,Q252,ID
Q14163,Mempawah,,TOWN,,,61.02,Q3916,Kalimantan Barat,ID-KB,Q252,ID
Q7379,Merangin,,TOWN,-2.20277778,102.05388889,15.02,Q2051,Jambi,ID-JA,Q252,ID
Q27693,Merauke,,TOWN,,,91.01,Q5095,Papua,ID-PA,Q252,ID
Q8139,Mesuji,,TOWN,,,18.11,Q2110,Lampung,ID-LA,Q252,ID
Q8158,Metro,1635283,CITY,-5.116666666,105.3,18.72,Q2110,Lampung,ID-LA,Q252,ID
Q27700,Mimika,,TOWN,,,91.09,Q5095,Papua,ID-PA,Q252,ID
Q15836,Minahasa,,TOWN,1.3067943,124.9096121,71.02,Q5068,Sulawesi Utara,ID-SA,Q252,ID
Q15842,Minahasa Selatan,,TOWN,0.58333333,124.3,71.05,Q5068,Sulawesi Utara,ID-SA,Q252,ID
Q15843,Minahasa Tenggara,,TOWN,1.03472222,124.81,71.07,Q5068,Sulawesi Utara,ID-SA,Q252,ID
Q15838,Minahasa Utara,,TOWN,1.4025,124.96,71.06,Q5068,Sulawesi Utara,ID-SA,Q252,ID
Q11096,Mojokerto,,TOWN,-7.15388889,112.65611111,35.16,Q3586,Jawa Timur,ID-JI,Q252,ID
Q11447,Mojokerto,1635111,CITY,-7.472222222,112.433611111,35.76,Q3586,Jawa Timur,ID-JI,Q252,ID
Q15815,Morowali,,TOWN,-1.84556,121.304,72.06,Q5065,Sulawesi Tengah,ID-ST,Q252,ID
Q12488353,Morowali Utara,,TOWN,-1.987,121.339,72.12,Q5065,Sulawesi Tengah,ID-ST,Q252,ID
Q8119,Muara Enim,,TOWN,,,16.03,Q2271,Sumatera Selatan,ID-SS,Q252,ID
Q7381,Muaro Jambi,,TOWN,-1.640277777,103.743888888,15.05,Q2051,Jambi,ID-JA,Q252,ID
Q8033,Muko Muko,,TOWN,-2.583330555,101.117,17.06,Q1890,Bengkulu,ID-BE,Q252,ID
Q15363,Muna,,TOWN,-4.8425,122.648,74.03,Q5075,Sulawesi Tenggara,ID-SG,Q252,ID
Q19746428,Muna Barat,,TOWN,,,74.13,Q5075,Sulawesi Tenggara,ID-SG,Q252,ID
Q14195,Murung Raya,1634654,TOWN,-1.40833333,115.13333333,62.12,Q3891,Kalimantan Tengah,ID-KT,Q252,ID
Q8120,Musi Banyuasin,,TOWN,-2.89388889,103.8125,16.06,Q2271,Sumatera Selatan,ID-SS,Q252,ID
Q8121,Musi Rawas,,TOWN,,,16.05,Q2271,Sumatera Selatan,ID-SS,Q252,ID
Q18511812,Musi Rawas Utara,,TOWN,,,16.13,Q2271,Sumatera Selatan,ID-SS,Q252,ID
Q27708,Nabire,,TOWN,,,91.04,Q5095,Papua,ID-PA,Q252,ID
Q5746,Nagan Raya,,TOWN,4.166666666,96.5,11.15,Q1823,Aceh,ID-AC,Q252,ID
Q14144,Nagekeo,,TOWN,,,53.16,Q5061,Nusa Tenggara Timur,ID-NT,Q252,ID
Q10100,Natuna,1634312,TOWN,4.0,108.25,21.03,Q2223,Kepulauan Riau,ID-KR,Q252,ID
Q27724,Nduga,9828977,TOWN,,,91.24,Q5095,Papua,ID-PA,Q252,ID
Q14145,Ngada,,TOWN,,,53.09,Q5061,Nusa Tenggara Timur,ID-NT,Q252,ID
Q11098,Nganjuk,1634131,TOWN,-7.6,111.916666666,35.18,Q3586,Jawa Timur,ID-JI,Q252,ID
Q11108,Ngawi,,TOWN,-7.4,111.433333333,35.21,Q3586,Jawa Timur,ID-JI,Q252,ID
Q5841,Nias,,TOWN,,,12.04,Q2140,Sumatera Utara,ID-SU,Q252,ID
Q5909,Nias Barat,,TOWN,,,12.25,Q2140,Sumatera Utara,ID-SU,Q252,ID
Q5918,Nias Selatan,,TOWN,,,12.14,Q2140,Sumatera Utara,ID-SU,Q252,ID
Q5853,Nias Utara,,TOWN,,,12.24,Q2140,Sumatera Utara,ID-SU,Q252,ID
Q14481,Nunukan,,TOWN,4.05944444,117.66694444,65.03,Q3903,Kalimantan Utara,ID-KU,Q252,ID
Q8122,Ogan Ilir,,TOWN,,,16.10,Q2271,Sumatera Selatan,ID-SS,Q252,ID
Q8125,Ogan Komering Ilir,,TOWN,-2.3,104.2,16.02,Q2271,Sumatera Selatan,ID-SS,Q252,ID
Q8126,Ogan Komering Ulu,,TOWN,,,16.01,Q2271,Sumatera Selatan,ID-SS,Q252,ID
Q8127,Ogan Komering Ulu Selatan,,TOWN,,,16.09,Q2271,Sumatera Selatan,ID-SS,Q252,ID
Q8110,Ogan Komering Ulu Timur,,TOWN,,,16.08,Q2271,Sumatera Selatan,ID-SS,Q252,ID
Q11111,Pacitan,,TOWN,-8.2,111.116666666,35.01,Q3586,Jawa Timur,ID-JI,Q252,ID
Q7253,Padang,1633419,CITY,-0.955556,100.360556,13.71,Q2772,Sumatera Barat,ID-SB,Q252,ID
Q5866,Padang Lawas,,TOWN,1.126026,99.813309,12.21,Q2140,Sumatera Utara,ID-SU,Q252,ID
Q5857,Padang Lawas Utara,,TOWN,,,12.20,Q2140,Sumatera Utara,ID-SU,Q252,ID
Q7256,Padang Panjang,1633375,CITY,-0.464444444,100.400833333,13.74,Q2772,Sumatera Barat,ID-SB,Q252,ID
Q6042,Padang Pariaman,,TOWN,-0.633333333,100.117,13.05,Q2772,Sumatera Barat,ID-SB,Q252,ID
Q5974,Padangsidimpuan,1214369,CITY,1.366666666,99.266666666,12.77,Q2140,Sumatera Utara,ID-SU,Q252,ID
Q8130,Pagar Alam,1633308,CITY,-4.021666666,103.252222222,16.72,Q2271,Sumatera Selatan,ID-SS,Q252,ID
Q14523,Pahuwato,1967697,TOWN,0.53305556,121.825,75.04,Q5067,Gorontalo,ID-GO,Q252,ID
Q5872,Pakpak Bharat,,TOWN,,,12.15,Q2140,Sumatera Utara,ID-SU,Q252,ID
Q14409,Palangka Raya,1633117,CITY,-2.21,113.92,62.71,Q3891,Kalimantan Tengah,ID-KT,Q252,ID
Q8131,Palembang,1633070,CITY,-2.983333333,104.764444444,16.71,Q2271,Sumatera Selatan,ID-SS,Q252,ID
Q14635,Palopo,1633037,CITY,-3.0,120.2,73.73,Q5078,Sulawesi Selatan,ID-SN,Q252,ID
Q15826,Palu,1633033,CITY,-0.9,119.833333333,72.71,Q5065,Sulawesi Tengah,ID-ST,Q252,ID
Q11112,Pamekasan,1632978,TOWN,-7.166666666,113.466666666,35.28,Q3586,Jawa Timur,ID-JI,Q252,ID
Q10121,Pandeglang,1632822,TOWN,-6.309166666,106.104722222,36.01,Q3540,Banten,ID-BT,Q252,ID
Q46483,Pangandaran,,TOWN,-6.75,108.38333333,32.18,Q3724,Jawa Barat,ID-JB,Q252,ID
Q14613,Pangkajene Kepulauan,1632723,TOWN,-4.75,119.5,73.10,Q5078,Sulawesi Selatan,ID-SN,Q252,ID
Q8179,Pangkal Pinang,1632654,CITY,-2.1,106.1,19.71,Q1866,Kepulauan Bangka Belitung,ID-BB,Q252,ID
Q27738,Paniai,,TOWN,,,91.08,Q5095,Papua,ID-PA,Q252,ID
Q14636,Pare Pare,1632352,CITY,-4.016666666,119.623611111,73.72,Q5078,Sulawesi Selatan,ID-SN,Q252,ID
Q7258,Pariaman,1632334,CITY,-0.626111111,100.120555555,13.77,Q2772,Sumatera Barat,ID-SB,Q252,ID
Q15816,Parigi Moutong,,TOWN,-0.931667,120.194,72.08,Q5065,Sulawesi Tengah,ID-ST,Q252,ID
Q6048,Pasaman,,TOWN,0.166666666,100.117,13.08,Q2772,Sumatera Barat,ID-SB,Q252,ID
Q6103,Pasaman Barat,,TOWN,3.116669444,98.4,13.12,Q2772,Sumatera Barat,ID-SB,Q252,ID
Q14485,Paser,,TOWN,-1.7551,115.604,64.01,Q3899,Kalimantan Timur,ID-KI,Q252,ID
Q11115,Pasuruan,1632032,TOWN,-7.73333,112.83333,35.14,Q3586,Jawa Timur,ID-JI,Q252,ID
Q11449,Pasuruan,1632033,CITY,-7.640622222,112.906477777,35.75,Q3586,Jawa Timur,ID-JI,Q252,ID
Q10622,Pati,,TOWN,-7.59611,110.951,33.18,Q3557,Jawa Tengah,ID-JT,Q252,ID
Q7261,Payakumbuh,1631905,CITY,-0.224444444,100.6325,13.76,Q2772,Sumatera Barat,ID-SB,Q252,ID
Q16251650,Pegunungan Arfak,,TOWN,,,92.12,Q5096,Papua Barat,ID-PB,Q252,ID
Q27750,Pegunungan Bintang,,TOWN,,,91.12,Q5095,Papua,ID-PA,Q252,ID
Q11026,Pekalongan,1631766,CITY,-6.888333333,109.675277777,33.75,Q3557,Jawa Tengah,ID-JT,Q252,ID
Q10623,Pekalongan,,TOWN,-6.8825,109.67,33.26,Q3557,Jawa Tengah,ID-JT,Q252,ID
Q7786,Pekanbaru,1631761,CITY,0.533333333,101.45,14.71,Q2175,Riau,ID-RI,Q252,ID
Q7641,Pelalawan,,TOWN,0.266666666,101.666944444,14.05,Q2175,Riau,ID-RI,Q252,ID
Q10624,Pemalang,1631648,TOWN,-6.89055556,109.38083333,33.27,Q3557,Jawa Tengah,ID-JT,Q252,ID
Q5979,Pematang Siantar,1214204,CITY,2.96,99.06,12.72,Q2140,Sumatera Utara,ID-SU,Q252,ID
Q14479,Penajam Paser Utara,,TOWN,-1.7551,115.604,64.09,Q3899,Kalimantan Timur,ID-KI,Q252,ID
Q15729116,Penukal Abab Lematang Ilir,9828027,TOWN,,,16.12,Q2271,Sumatera Selatan,ID-SS,Q252,ID
Q8144,Pesawaran,,TOWN,,,18.09,Q2110,Lampung,ID-LA,Q252,ID
Q46481,Pesisir Barat,,TOWN,,,18.13,Q2110,Lampung,ID-LA,Q252,ID
Q6065,Pesisir Selatan,,TOWN,-1.35,100.567,13.01,Q2772,Sumatera Barat,ID-SB,Q252,ID
Q5751,Pidie,,TOWN,4.666669444,96.0,11.07,Q1823,Aceh,ID-AC,Q252,ID
Q5754,Pidie Jaya,,TOWN,5.116666666,96.2,11.18,Q1823,Aceh,ID-AC,Q252,ID
Q14615,Pinrang,,TOWN,-3.78333,119.633,73.15,Q5078,Sulawesi Selatan,ID-SN,Q252,ID
Q15353,Polewali Mandar,,TOWN,-3.41333,119.325,76.04,Q5082,Sulawesi Barat,ID-SR,Q252,ID
Q11118,Ponorogo,1630798,TOWN,-7.869444444,111.462777777,35.02,Q3586,Jawa Timur,ID-JI,Q252,ID
Q14168,Pontianak,1630789,CITY,0.0,109.333333333,61.71,Q3916,Kalimantan Barat,ID-KB,Q252,ID
Q15817,Poso,,TOWN,-1.4,120.75,72.02,Q5065,Sulawesi Tengah,ID-ST,Q252,ID
Q8133,Prabumulih,1631393,CITY,-3.432777777,104.235555555,16.74,Q2271,Sumatera Selatan,ID-SS,Q252,ID
Q8145,Pringsewu,,TOWN,,,18.10,Q2110,Lampung,ID-LA,Q252,ID
Q11121,Probolinggo,,TOWN,-7.73527778,113.47166667,35.13,Q3586,Jawa Timur,ID-JI,Q252,ID
Q11450,Probolinggo,1630634,CITY,-7.75,113.216666666,35.74,Q3586,Jawa Timur,ID-JI,Q252,ID
Q14385,Pulang Pisau,,TOWN,,,62.11,Q3891,Kalimantan Tengah,ID-KT,Q252,ID
Q676084,Pulau Taliabu,1625428,TOWN,-1.8,124.8,82.08,Q5094,Maluku Utara,ID-MU,Q252,ID
Q27761,Puncak,,TOWN,,,91.25,Q5095,Papua,ID-PA,Q252,ID
Q27771,Puncak Jaya,,TOWN,-4.07888889,137.15833333,91.07,Q5095,Papua,ID-PA,Q252,ID
Q10625,Purbalingga,,TOWN,-7.28333333,109.35,33.03,Q3557,Jawa Tengah,ID-JT,Q252,ID
Q10378,Purwakarta,,TOWN,-6.416666666,107.5,32.14,Q3724,Jawa Barat,ID-JB,Q252,ID
Q10674,Purworejo,,TOWN,-7.716666666,110.016666666,33.06,Q3557,Jawa Tengah,ID-JT,Q252,ID
Q26785,Raja Ampat,,TOWN,-0.233333333,130.516666666,92.05,Q5096,Papua Barat,ID-PB,Q252,ID
Q8035,Rejang Lebong,,TOWN,-3.466666666,102.533333333,17.02,Q1890,Bengkulu,ID-BE,Q252,ID
Q10684,Rembang,,TOWN,-6.71666667,111.35,33.17,Q3557,Jawa Tengah,ID-JT,Q252,ID
Q7759,Rokan Hilir,,TOWN,,,14.07,Q2175,Riau,ID-RI,Q252,ID
Q7744,Rokan Hulu,6722476,TOWN,0.933333333,100.5,14.06,Q2175,Riau,ID-RI,Q252,ID
Q14147,Rote Ndao,,TOWN,-10.46666667,123.38333333,53.14,Q5061,Nusa Tenggara Timur,ID-NT,Q252,ID
Q5787,Sabang,1214026,CITY,5.893055555,95.32,11.72,Q1823,Aceh,ID-AC,Q252,ID
Q14148,Sabu Raijua,,TOWN,,,53.20,Q5061,Nusa Tenggara Timur,ID-NT,Q252,ID
Q11021,Salatiga,1972989,CITY,-7.338888888,110.502222222,33.73,Q3557,Jawa Tengah,ID-JT,Q252,ID
Q14499,Samarinda,1629001,CITY,-0.502222222,117.153611111,64.72,Q3899,Kalimantan Timur,ID-KI,Q252,ID
Q14164,Sambas,,TOWN,,,61.01,Q3916,Kalimantan Barat,ID-KB,Q252,ID
Q5888,Samosir,,TOWN,,,12.17,Q2140,Sumatera Utara,ID-SU,Q252,ID
Q11127,Sampang,,TOWN,,,35.27,Q3586,Jawa Timur,ID-JI,Q252,ID
Q14165,Sanggau,,TOWN,0.119444444,110.588888888,61.03,Q3916,Kalimantan Barat,ID-KB,Q252,ID
Q15839,Sangihe,,TOWN,3.0,125.5,71.03,Q5068,Sulawesi Utara,ID-SA,Q252,ID
Q27784,Sarmi,,TOWN,,,91.10,Q5095,Papua,ID-PA,Q252,ID
Q7383,Sarolangun,,TOWN,,,15.03,Q2051,Jambi,ID-JA,Q252,ID
Q7263,Sawahlunto,1628472,CITY,-0.682777777,100.778333333,13.73,Q2772,Sumatera Barat,ID-SB,Q252,ID
Q14166,Sekadau,,TOWN,,,61.09,Q3916,Kalimantan Barat,ID-KB,Q252,ID
Q8037,Seluma,,TOWN,,,17.05,Q1890,Bengkulu,ID-BE,Q252,ID
Q11025,Semarang,1627896,CITY,-6.966666666,110.416666666,33.74,Q3557,Jawa Tengah,ID-JT,Q252,ID
Q10687,Semarang,6410701,TOWN,-7.265555555,110.335833333,33.22,Q3557,Jawa Tengah,ID-JT,Q252,ID
Q18942,Seram Bagian Barat,,TOWN,,,81.06,Q5093,Maluku,ID-MA,Q252,ID
Q16569,Seram Bagian Timur,,TOWN,,,81.05,Q5093,Maluku,ID-MA,Q252,ID
Q10122,Serang,,TOWN,-6.12,106.150277777,36.04,Q3540,Banten,ID-BT,Q252,ID
Q10126,Serang,1627549,CITY,-6.12,106.150277777,36.73,Q3540,Banten,ID-BT,Q252,ID
Q5899,Serdang Bedagai,,TOWN,,,12.18,Q2140,Sumatera Utara,ID-SU,Q252,ID
Q14389,Seruyan,,TOWN,,,62.07,Q3891,Kalimantan Tengah,ID-KT,Q252,ID
Q7777,Siak,,TOWN,1.275,100.905833333,14.08,Q2175,Riau,ID-RI,Q252,ID
Q5984,Sibolga,1213855,CITY,1.7425,98.779166666,12.73,Q2140,Sumatera Utara,ID-SU,Q252,ID
Q11214749,Sidenreng Rappang,1627258,TOWN,-3.92694,119.796,73.14,Q5078,Sulawesi Selatan,ID-SN,Q252,ID
Q11129,Sidoarjo,1627253,TOWN,-7.453028,112.717333,35.15,Q3586,Jawa Timur,ID-JI,Q252,ID
Q15822,Sigi,9781856,TOWN,-1.385,119.967,72.10,Q5065,Sulawesi Tengah,ID-ST,Q252,ID
Q6055,Sijunjung,,TOWN,-0.55,101.117,13.03,Q2772,Sumatera Barat,ID-SB,Q252,ID
Q14150,Sikka,1627182,TOWN,-8.488330555,122.974,53.07,Q5061,Nusa Tenggara Timur,ID-NT,Q252,ID
Q5903,Simalungun,,TOWN,,,12.08,Q2140,Sumatera Utara,ID-SU,Q252,ID
Q5757,Simeulue,1213749,TOWN,2.583333333,96.083333333,11.09,Q1823,Aceh,ID-AC,Q252,ID
Q14169,Singkawang,1626916,CITY,0.9,108.983333333,61.72,Q3916,Kalimantan Barat,ID-KB,Q252,ID
Q14622,Sinjai,,TOWN,-5.1993,120.1544,73.07,Q5078,Sulawesi Selatan,ID-SN,Q252,ID
Q14167,Sintang,,TOWN,0.06805556,111.49805556,61.05,Q3916,Kalimantan Barat,ID-KB,Q252,ID
Q11134,Situbondo,1626801,TOWN,-7.7,114.0,35.12,Q3586,Jawa Timur,ID-JI,Q252,ID
Q11480,Sleman,,TOWN,-7.580833333,107.250833333,34.04,Q3741,Yogyakarta,ID-YO,Q252,ID
Q6058,Solok,,TOWN,-1.766669444,101.367,13.02,Q2772,Sumatera Barat,ID-SB,Q252,ID
Q7266,Solok,1626649,CITY,-0.788333333,100.654166666,13.72,Q2772,Sumatera Barat,ID-SB,Q252,ID
Q6083,Solok Selatan,,TOWN,-1.233330555,101.417,13.11,Q2772,Sumatera Barat,ID-SB,Q252,ID
Q14629,Soppeng,7063566,TOWN,-4.34861111,119.8825,73.12,Q5078,Sulawesi Selatan,ID-SN,Q252,ID
Q26837,Sorong,1626542,CITY,-0.866666666,131.25,92.71,Q5096,Papua Barat,ID-PB,Q252,ID
Q26792,Sorong,1626541,TOWN,-0.88305556,131.25,92.01,Q5096,Papua Barat,ID-PB,Q252,ID
Q26802,Sorong Selatan,,TOWN,,,92.04,Q5096,Papua Barat,ID-PB,Q252,ID
Q10688,Sragen,,TOWN,,,33.14,Q3557,Jawa Tengah,ID-JT,Q252,ID
Q10380,Subang,6581948,TOWN,-6.016666666,107.516666666,32.13,Q3724,Jawa Barat,ID-JB,Q252,ID
Q5789,Subulussalam,8572074,CITY,2.642222222,98.004166666,11.75,Q1823,Aceh,ID-AC,Q252,ID
Q10381,Sukabumi,,TOWN,-6.91972,106.927,32.02,Q3724,Jawa Barat,ID-JB,Q252,ID
Q10397,Sukabumi,1626381,CITY,-6.919722222,106.927222222,32.72,Q3724,Jawa Barat,ID-JB,Q252,ID
Q14386,Sukamara,,TOWN,,,62.08,Q3891,Kalimantan Tengah,ID-KT,Q252,ID
Q10692,Sukoharjo,,TOWN,,,33.11,Q3557,Jawa Tengah,ID-JT,Q252,ID
Q14154,Sumba Barat,,TOWN,,,53.12,Q5061,Nusa Tenggara Timur,ID-NT,Q252,ID
Q14152,Sumba Barat Daya,,TOWN,,,53.18,Q5061,Nusa Tenggara Timur,ID-NT,Q252,ID
Q14134,Sumba Tengah,,TOWN,,,53.17,Q5061,Nusa Tenggara Timur,ID-NT,Q252,ID
Q14139,Sumba Timur,,TOWN,,,53.11,Q5061,Nusa Tenggara Timur,ID-NT,Q252,ID
Q14122,Sumbawa,8594735,TOWN,-8.65,116.533,52.04,Q5062,Nusa Tenggara Barat,ID-NB,Q252,ID
Q14124,Sumbawa Barat,6984549,TOWN,-8.78737,116.926,52.07,Q5062,Nusa Tenggara Barat,ID-NB,Q252,ID
Q10382,Sumedang,,TOWN,-6.85,107.916666666,32.11,Q3724,Jawa Barat,ID-JB,Q252,ID
Q11137,Sumenep,1626099,TOWN,-7.016666666,113.866666666,35.29,Q3586,Jawa Timur,ID-JI,Q252,ID
Q7592,Sungai Penuh,1625929,CITY,-2.063611111,101.396111111,15.72,Q2051,Jambi,ID-JA,Q252,ID
Q27793,Supiori,1625830,TOWN,-0.733333,135.583,91.19,Q5095,Papua,ID-PA,Q252,ID
Q11462,Surabaya,1625822,CITY,-7.233333333,112.733333333,35.78,Q3586,Jawa Timur,ID-JI,Q252,ID
Q4803,Surakarta,1625812,CITY,-7.566666666,110.816666666,33.72,Q3557,Jawa Tengah,ID-JT,Q252,ID
Q14177,Tabalong,,TOWN,,,63.09,Q3906,Kalimantan Selatan,ID-KS,Q252,ID
Q11505,Tabanan,,TOWN,-8.551147222,115.121613888,51.02,Q3125978,Bali,ID-BA,Q252,ID
Q14630,Takalar,1625545,TOWN,-5.41666667,119.58333333,73.05,Q5078,Sulawesi Selatan,ID-SN,Q252,ID
Q15844,Talaud,,TOWN,4.09238333,126.76848611,71.04,Q5068,Sulawesi Utara,ID-SA,Q252,ID
Q26810,Tambrauw,,TOWN,,,92.09,Q5096,Papua Barat,ID-PB,Q252,ID
Q14487,Tana Tidung,8613361,TOWN,,,65.04,Q3903,Kalimantan Utara,ID-KU,Q252,ID
Q14632,Tana Toraja,1625123,TOWN,-3.16666667,119.75,73.18,Q5078,Sulawesi Selatan,ID-SN,Q252,ID
Q14179,Tanah Bumbu,,TOWN,,,63.10,Q3906,Kalimantan Selatan,ID-KS,Q252,ID
Q6093,Tanah Datar,,TOWN,-0.45,100.583,13.04,Q2772,Sumatera Barat,ID-SB,Q252,ID
Q14178,Tanah Laut,,TOWN,,,63.01,Q3906,Kalimantan Selatan,ID-KS,Q252,ID
Q10123,Tangerang,,TOWN,-6.26667,106.467,36.03,Q3540,Banten,ID-BT,Q252,ID
Q10127,Tangerang,1625084,CITY,-6.178333333,106.631944444,36.71,Q3540,Banten,ID-BT,Q252,ID
Q10128,Tangerang Selatan,8581443,CITY,-6.288888888,106.718055555,36.74,Q3540,Banten,ID-BT,Q252,ID
Q8149,Tanggamus,,TOWN,,,18.06,Q2110,Lampung,ID-LA,Q252,ID
Q5987,Tanjung Balai,1213546,CITY,2.97,99.8,12.74,Q2140,Sumatera Utara,ID-SU,Q252,ID
Q7388,Tanjung Jabung Barat,,TOWN,-1.05,102.933,15.06,Q2051,Jambi,ID-JA,Q252,ID
Q7384,Tanjung Jabung Timur,,TOWN,-1.1,104.0,15.07,Q2051,Jambi,ID-JA,Q252,ID
Q10104,Tanjung Pinang,1624863,CITY,1.083333333,104.483333333,21.72,Q2223,Kepulauan Riau,ID-KR,Q252,ID
Q5914,Tapanuli Selatan,,TOWN,,,12.03,Q2140,Sumatera Utara,ID-SU,Q252,ID
Q5800,Tapanuli Tengah,,TOWN,,,12.01,Q2140,Sumatera Utara,ID-SU,Q252,ID
Q5863,Tapanuli Utara,,TOWN,,,12.02,Q2140,Sumatera Utara,ID-SU,Q252,ID
Q14180,Tapin,,TOWN,,,63.05,Q3906,Kalimantan Selatan,ID-KS,Q252,ID
Q14501,Tarakan,1624725,CITY,3.3,117.633333333,65.71,Q3903,Kalimantan Utara,ID-KU,Q252,ID
Q10385,Tasikmalaya,,TOWN,-7.33333,108.2,32.06,Q3724,Jawa Barat,ID-JB,Q252,ID
Q10399,Tasikmalaya,1624647,CITY,-7.333333333,108.2,32.78,Q3724,Jawa Barat,ID-JB,Q252,ID
Q5989,Tebing Tinggi,6715567,CITY,3.328333333,99.1625,12.76,Q2140,Sumatera Utara,ID-SU,Q252,ID
Q7389,Tebo,,TOWN,-1.38333,102.317,15.09,Q2051,Jambi,ID-JA,Q252,ID
Q11027,Tegal,1624494,CITY,-6.866666666,109.133333333,33.76,Q3557,Jawa Tengah,ID-JT,Q252,ID
Q10705,Tegal,,TOWN,-6.86666667,109.15,33.28,Q3557,Jawa Tengah,ID-JT,Q252,ID
Q26819,Teluk Bintuni,,TOWN,,,92.06,Q5096,Papua Barat,ID-PB,Q252,ID
Q26827,Teluk Wondama,7910908,TOWN,-2.7,134.5,92.07,Q5096,Papua Barat,ID-PB,Q252,ID
Q10979,Temanggung,,TOWN,-7.3,110.166666666,33.23,Q3557,Jawa Tengah,ID-JT,Q252,ID
Q19151,Ternate,7910935,CITY,0.783333333,127.366666666,82.71,Q5094,Maluku Utara,ID-MU,Q252,ID
Q19153,Tidore Kepulauan,9845501,CITY,0.683333333,127.4,82.72,Q5094,Maluku Utara,ID-MU,Q252,ID
Q14151,Timor Tengah Selatan,,TOWN,-9.471666666,124.804722222,53.02,Q5061,Nusa Tenggara Timur,ID-NT,Q252,ID
Q14146,Timor Tengah Utara,,TOWN,-9.446666666,124.478055555,53.03,Q5061,Nusa Tenggara Timur,ID-NT,Q252,ID
Q5911,Toba Samosir,,TOWN,,,12.12,Q2140,Sumatera Utara,ID-SU,Q252,ID
Q15823,Tojo Una Una,,TOWN,-0.875556,121.63,72.09,Q5065,Sulawesi Tengah,ID-ST,Q252,ID
Q27802,Tolikara,,TOWN,,,91.14,Q5095,Papua,ID-PA,Q252,ID
Q15824,Tolitoli,,TOWN,1.03861,120.818,72.04,Q5065,Sulawesi Tengah,ID-ST,Q252,ID
Q15848,Tomohon,1623446,CITY,1.324421,124.82254,71.73,Q5068,Sulawesi Utara,ID-SA,Q252,ID
Q14609,Toraja Utara,,TOWN,-3.0,120.0,73.26,Q5078,Sulawesi Selatan,ID-SN,Q252,ID
Q11139,Trenggalek,1623251,TOWN,-8.05,111.716666666,35.03,Q3586,Jawa Timur,ID-JI,Q252,ID
Q18975,Tual,1623197,CITY,-5.63845051,132.74497032,81.72,Q5093,Maluku,ID-MA,Q252,ID
Q11141,Tuban,,TOWN,-6.88333,112.05,35.23,Q3586,Jawa Timur,ID-JI,Q252,ID
Q8151,Tulang Bawang,,TOWN,,,18.05,Q2110,Lampung,ID-LA,Q252,ID
Q8154,Tulang Bawang Barat,,TOWN,,,18.12,Q2110,Lampung,ID-LA,Q252,ID
Q11143,Tulungagung,1623080,TOWN,-8.066666666,111.9,35.04,Q3586,Jawa Timur,ID-JI,Q252,ID
Q14633,Wajo,,TOWN,-4.12638889,120.0319444,73.13,Q5078,Sulawesi Selatan,ID-SN,Q252,ID
Q15375,Wakatobi,,TOWN,-5.53583,123.758,74.07,Q5075,Sulawesi Tenggara,ID-SG,Q252,ID
Q27815,Waropen,,TOWN,-1.866666666,137.1,91.15,Q5095,Papua,ID-PA,Q252,ID
Q8152,Way Kanan,,TOWN,,,18.08,Q2110,Lampung,ID-LA,Q252,ID
Q10981,Wonogiri,,TOWN,-7.916666666,111.05,33.12,Q3557,Jawa Tengah,ID-JT,Q252,ID
Q11013,Wonosobo,1621395,TOWN,-7.183333333,109.716666666,33.07,Q3557,Jawa Tengah,ID-JT,Q252,ID
Q27825,Yahukimo,,TOWN,,,91.13,Q5095,Papua,ID-PA,Q252,ID
Q27838,Yalimo,,TOWN,,,91.22,Q5095,Papua,ID-PA,Q252,ID
Q7568,Yogyakarta,1621177,CITY,-7.801388888,110.364444444,34.71,Q3741,Yogyakarta,ID-YO,Q252,ID
